{"home":"home","blog":"blog-standard","shop":"shop","cart":"cart","checkout":"checkout","my_account":"my-account","menus":{"primary":"main-menu","megamenu3":"submenu-3","megamenu1":"submenu1","megamenu2":"submenu-2","megamenu4":"submenu-4"},"opt-name":"cms_theme_options","export":["attachment","widgets","options","settings","content","revslider"],"wp-options":{"permalink_structure":"\/%postname%\/"},"attachment":"https:\/\/demo.cmssuperheroes.com\/themeforest\/wp-consultivo\/wp-content\/uploads\/cms-attachment-tmp.zip"}